grupo,nombre,dni,email,asistencias,id
Grupo 1,"","","","",""
1,"Antonio, Leiva",13510492,Antonioleiva909@gmail.com,3,25788
1,"Femia, Cintia",24909032,femiacintia@gmail.com,3,24048
1,"Marisol, Sanabria",24220385,marsanab@yahoo.com,3,25966
1,"Ojeda, Miriam Beatriz",20644779,estrellita.figueroa@gmail.com,3,16293
1,"Perriere, Mariano",25307768,mariiiiiiano@gmail.com,3,25722
1,"Suárez, Guillermo",20635719,guillesuarez68@gmail.com,3,8606
1,"Andres, Alegre", 23995110,andresarielalegre@gmail.com,3,25782
Grupo 2,"","","","",""
2,"Alejandra Edith, Gauna",24997860,aegagranea@gmail.com,3,25765
2,"Gloria Salas, Diego Leonardo",18877611,dlgloriasalas@gmail.com,3,4997
2,"Illanes, Luis Hector",10537291,lh.illanes@gmail.com,3,23926
2,"Mema, Miguel Angel",23687562,miguelamema@gmail.com,2,16145
2,"Soliz, Viviana",18880363,vivianasolizosinaga@gmail.com,3,23967
2,"Valenzuela, Martin",17223917,mevalenzuela@yahoo.com,3,14874
Grupo 3,"","","","",""
3,"Amado, Gustavo Fabian",21670449,gustavofab@gmail.com,3,21496
3,"D'agostino, Enrique",18388935,dagostinoenrique@gmail.com,3,5663
3,"Dileo, Juan Carlos",14568996,bdileo35@gmail.com,2,10668
3,"Luna, Juan Marcelo",24234578,elpocitano@gmail.com,3,10929
3,"Specterman, Luis Omar",14620696,lspecte@gmail.com,3,23940
3,"Zujew, Cristian Alejo",16875503,czujew@gmail.com,3,3874
Grupo 4,"","","","",""
4,"Herrera, Juan Adolfo",18454726,juanherrera545@hotmail.com,3,23963
4,"Montenegro, Fabian",20521480,fabymontenegro@gmail.com,2,6194
4,"Mourad, Adrian",22639502,adrmou@gmail.com,2,358
4,"Noguerol, Maria Marcela",20561094,marcelnoguerol@yahoo.com.ar,2,23986
4,"Ochoa, Fabián Andrés",24192661,ochoafabian2020@gmail.com,2,6212
4,"Waelkens, Verónica María",25262567,verowaelkens@gmail.com,3,20597
Grupo 5,"","","","",""
5,"Alonzo, Sandra Del Valle",24836529,salonzo50@gmail.com,2,19047
5,"Juan Carlos, Galan",23805016,juancgalan47@gmail.com,3,10657
5,"Laudelino, Alejandra",24572588,aleenmercadolibre2@protonmail.ch,3,22523
5,"Miguel Angel, Tarabine",25256244,migueltarabine76@gmail.com,3,25982
5,"Oscar Alberto, Maciel",24600911,grafis.dg@gmail.com,3,24042
5,"Ratti, Analia",22092359,analia.v.ratti@gmail.com,2,1621
Grupo 6,"","","","",""
6,"Bianchetti, Gerardo Horacio",18258700,gbianchetti@msn.com,3,8072
6,"Ciro, Puig",18367300,ciropuig1@gmail.com,2,25822
6,"Fernando Darío, Tula",12700995,fedatu@hotmail.com,3,25853
6,"Greco, Juan Manuel",23196253,grecoarqui@gmail.com,3,10882
6,"José María, Percíncula",21974569,doctorpc.liebig@gmail.com,3,25841
6,"Mazzaglia, Alejandro Delfor",14797420,admazzaglia@gmail.com,2,1141
Grupo 7,"","","","",""
7,"Arias, Alfonso Jose",18383939,alfonsojosearias@gmail.com,2,1332
7,"Cadona, Andrea Roxana",23997439,andreacadona3@gmail.com,2,1675
7,"Mahmud, Adrián",21418801,mahmudpaa@gmail.com,2,376
7,"Manera, Carlos Federico",20948507,charlymanera@gmail.com,3,3164
7,"Pablo Germán, Falabella",24390071,pfalabel@gmail.com,3,26011
7,"Seguí, Nicolás",23248493,nicosegui@hotmail.com,2,17060
Grupo 8,"","","","",""
8,"Bruno, Claudio",20784683,cdbruno10@hotmail.com,3,3750
8,"Cardinale, Claudia",17315674,ccardinale2004@yahoo.com.ar,3,3692
8,"Eduardo José, Riera",17626756,juanpe752@gmail.com,3,25918
8,"Martinez, Mariana",20796343,marian1810@hotmail.com,3,14450
8,"Sisti, Karina",25072309,karisisti@gmail.com,3,11426
8,"Vega, Juan Leandro",25319269,vegajuanleandro@gmail.com,3,10831
Grupo 9,"","","","",""
9,"Borda, Victor",17168120,victtoriob@yahoo.com.ar,2,20617
9,"Castillo, Alexander Gustavo",34190400,alxander89@gmail.com,3,24456
9,"Messina Ramos, Rafael Atilio",22234890,messina.rafael@gmail.com,3,18085
9,"Ondarra, Marcelo",21634979,mrondarra@hotmail.com,3,23999
